idx,iso,pass_rate,passed,inScope,failed,todo
0,2026-01-26T21:37:24,81.7,434,531,13,73
1,2026-01-26T22:14:47,80.6,428,531,11,73
2,2026-01-26T23:32:41,80.7,430,533,7,74
3,2026-01-27T00:20:17,80.3,428,533,9,74
4,2026-01-27T00:52:15,81.1,432,533,5,74
5,2026-01-27T01:38:57,81.5,435,534,4,74
6,2026-01-27T03:24:38,81.1,433,534,6,74
7,2026-01-27T11:19:35,81.8,437,534,2,74
8,2026-01-27T12:28:54,82.3,441,536,2,73
9,2026-01-27T13:39:19,75.4,404,536,39,72
10,2026-01-27T14:16:39,80.8,433,536,8,72
11,2026-01-27T14:29:54,80.0,429,536,12,72
12,2026-01-27T14:53:49,78.9,423,536,21,72
13,2026-01-27T15:22:52,82.6,443,536,1,72
14,2026-01-27T17:10:57,81.5,437,536,7,72
15,2026-01-27T18:18:27,82.3,441,536,3,72
16,2026-01-27T19:49:12,80.5,434,539,13,72
17,2026-01-27T20:28:10,81.6,440,539,3,72
18,2026-01-27T20:49:32,82.4,444,539,3,72
19,2026-01-28T03:57:20,82.4,444,539,3,72
20,2026-01-28T13:38:27,74.6,402,539,45,72
21,2026-01-28T14:18:51,81.8,441,539,6,72
22,2026-01-28T14:39:50,82.2,443,539,4,72
23,2026-01-28T15:36:58,4.1,22,539,425,72
24,2026-01-28T18:43:45,74.0,399,539,48,72
25,2026-01-29T14:43:29,80.4,434,540,14,72
26,2026-01-29T15:02:14,82.2,444,540,4,72
27,2026-01-29T16:40:51,82.2,447,544,4,73
28,2026-01-30T01:29:47,82.2,447,544,4,73
29,2026-01-30T02:16:32,82.0,446,544,5,73
30,2026-01-30T02:30:19,82.2,447,544,4,73
31,2026-01-30T09:57:19,82.2,447,544,4,73
32,2026-01-30T13:37:57,82.0,446,544,5,73
33,2026-01-30T15:20:46,81.8,446,545,6,73
34,2026-01-30T15:37:34,82.2,448,545,4,73
35,2026-01-30T17:31:35,82.3,450,547,4,73
36,2026-01-31T00:27:31,82.3,450,547,4,73
37,2026-01-31T01:23:19,82.3,450,547,4,73
38,2026-01-31T01:52:28,82.3,450,547,4,73
39,2026-01-31T12:57:41,82.6,464,562,4,73
40,2026-01-31T14:28:52,82.7,469,567,4,73
41,2026-02-01T14:08:19,82.6,471,570,5,73
42,2026-02-02T15:51:56,82.8,473,571,4,73
43,2026-02-02T16:43:04,82.9,474,572,4,73
44,2026-02-02T20:35:07,82.9,474,572,4,73
45,2026-02-03T12:01:11,82.9,474,572,4,73
46,2026-02-03T17:05:14,83.0,475,572,0,76
47,2026-02-03T18:18:08,83.2,476,572,0,75
48,2026-02-03T20:34:45,83.3,478,574,0,75
49,2026-02-04T15:56:48,83.3,478,574,0,75
50,2026-02-04T18:04:00,83.3,478,574,0,75
51,2026-02-04T18:54:05,83.1,478,575,1,75
52,2026-02-04T19:09:45,83.1,478,575,1,75
53,2026-02-04T19:49:13,83.1,478,575,1,75
54,2026-02-04T23:03:43,82.1,472,575,7,75
55,2026-02-04T23:46:48,75.0,431,575,48,75
56,2026-02-05T00:46:55,83.3,479,575,0,75
57,2026-02-05T21:50:14,83.3,479,575,0,75
58,2026-02-05T22:18:07,83.3,479,575,0,75
59,2026-02-06T18:24:45,81.4,468,575,11,75
60,2026-02-06T18:42:11,83.3,479,575,0,75
61,2026-02-06T23:29:12,83.4,481,577,0,75
62,2026-02-07T02:03:54,83.2,481,578,1,75
63,2026-02-07T02:23:23,83.4,482,578,0,75
64,2026-02-07T18:36:32,75.1,434,578,48,75
65,2026-02-07T20:40:27,83.4,482,578,0,75
66,2026-02-07T21:12:30,83.0,480,578,2,75
67,2026-02-08T13:41:48,82.0,461,562,13,67
68,2026-02-08T14:15:13,83.4,466,559,5,67
69,2026-02-08T14:39:16,84.3,471,559,1,67
70,2026-02-08T18:03:11,84.1,470,559,2,67
71,2026-02-09T14:35:55,84.1,470,559,2,67
72,2026-02-09T14:49:50,84.3,471,559,1,67
73,2026-02-09T16:53:40,84.1,470,559,2,67
74,2026-02-09T17:26:21,84.3,471,559,1,67
75,2026-02-09T18:28:27,84.3,472,560,1,67
76,2026-02-09T19:12:27,84.3,472,560,1,67
77,2026-02-09T22:50:54,84.3,472,560,1,67
78,2026-02-09T23:23:38,84.3,472,560,1,67
79,2026-02-10T10:44:46,84.3,472,560,1,67
80,2026-02-10T13:35:49,84.3,473,561,1,67
81,2026-02-11T08:13:04,84.5,475,562,1,66
82,2026-02-11T09:13:47,85.4,480,562,1,61
83,2026-02-11T09:50:23,85.8,482,562,1,59
84,2026-02-11T10:32:05,85.8,482,562,1,59
85,2026-02-11T11:51:10,85.8,482,562,1,59
86,2026-02-11T14:40:08,85.8,482,562,1,59
87,2026-02-11T15:52:38,85.8,485,565,1,59
88,2026-02-11T16:44:53,86.0,486,565,0,59
89,2026-02-11T18:21:04,86.0,486,565,0,59
90,2026-02-11T21:31:05,86.0,486,565,0,59
91,2026-02-12T17:03:48,70.8,400,565,86,59
92,2026-02-12T17:41:28,78.1,441,565,45,59
93,2026-02-12T18:38:55,84.8,479,565,7,59
94,2026-02-12T19:32:24,86.0,486,565,0,59
95,2026-02-12T22:05:02,84.1,475,565,11,59
96,2026-02-12T22:38:24,85.5,483,565,3,59
97,2026-02-12T23:03:05,86.0,486,565,0,59
98,2026-02-12T23:44:56,86.0,486,565,0,59
99,2026-02-13T00:05:11,86.0,486,565,0,59
100,2026-02-13T01:23:26,86.0,486,565,0,59
101,2026-02-13T01:44:40,86.0,486,565,0,59
102,2026-02-13T03:43:17,86.2,487,565,0,58
103,2026-02-13T07:15:11,86.2,487,565,0,58
104,2026-02-13T22:08:40,86.2,487,565,0,58
105,2026-02-13T23:34:36,81.9,463,565,24,58
106,2026-02-14T00:41:47,86.2,487,565,0,58
107,2026-02-14T10:17:57,86.2,487,565,0,58
108,2026-02-15T01:58:23,86.2,487,565,0,58
109,2026-02-15T05:35:55,82.7,468,566,20,58
110,2026-02-15T05:58:59,86.2,488,566,0,58
111,2026-02-15T09:30:21,86.2,489,567,0,58
112,2026-02-15T19:30:15,86.2,489,567,0,58
113,2026-02-15T22:36:02,85.7,487,568,3,58
114,2026-02-15T23:52:35,85.9,488,568,2,58
115,2026-02-16T07:35:11,85.9,488,568,2,58
116,2026-02-16T07:50:52,85.9,488,568,2,58
117,2026-02-16T08:37:08,86.3,490,568,0,58
118,2026-02-16T09:42:00,86.3,490,568,0,58
119,2026-02-17T00:01:47,86.3,490,568,0,58
120,2026-02-18T13:16:29,86.7,489,564,1,54
121,2026-02-18T13:57:25,86.9,490,564,0,54
122,2026-02-19T00:24:06,86.9,491,565,0,54
123,2026-02-19T01:34:19,86.0,487,566,5,54
124,2026-02-19T01:53:32,86.9,492,566,0,54
125,2026-02-19T02:43:40,86.9,493,567,0,54
126,2026-02-19T09:49:01,87.0,495,569,0,54
127,2026-02-19T10:16:45,87.0,495,569,1,53
128,2026-02-19T10:41:41,87.3,497,569,0,52
129,2026-02-19T11:23:27,87.7,499,569,0,50
130,2026-02-19T12:13:40,87.7,499,569,1,49
131,2026-02-19T12:51:18,87.9,500,569,0,49
132,2026-02-19T20:52:50,87.9,500,569,0,49
133,2026-02-20T06:29:58,87.9,501,570,0,49
134,2026-02-21T02:09:22,87.7,499,569,2,48
135,2026-02-21T03:36:57,88.1,502,570,0,48
136,2026-02-21T04:15:35,88.1,503,571,0,48
137,2026-02-21T04:59:15,88.1,504,572,0,48
138,2026-02-21T10:40:01,88.1,505,573,0,48
139,2026-02-21T11:43:54,88.1,505,573,0,48
140,2026-02-22T07:04:11,88.0,504,573,1,48
141,2026-02-24T04:08:12,88.0,504,573,1,48
142,2026-02-24T05:21:26,88.2,506,574,0,48
143,2026-03-02T08:36:08,88.2,507,575,0,48
144,2026-03-02T20:22:34,87.9,507,577,2,48
145,2026-03-02T21:29:47,87.4,505,578,4,49
146,2026-03-02T22:19:16,87.9,508,578,1,49
147,2026-03-02T23:11:22,87.6,508,580,1,51
148,2026-03-12T23:46:30,87.2,510,585,5,50
149,2026-03-13T02:42:16,85.8,501,584,13,50
150,2026-03-13T10:58:05,81.7,477,584,37,50
151,2026-03-13T11:22:22,87.0,508,584,6,50
152,2026-03-13T11:35:14,87.3,510,584,4,50
153,2026-03-13T14:47:06,87.3,510,584,4,50
154,2026-03-14T00:03:35,87.9,518,589,1,50
155,2026-03-19T12:16:41,86.9,512,589,5,50
156,2026-03-19T13:06:49,87.8,517,589,2,50
157,2026-03-19T13:38:17,87.9,518,589,1,50
158,2026-03-19T14:31:09,87.9,518,589,1,50
159,2026-03-19T14:58:20,87.9,518,589,1,50
160,2026-03-19T16:06:07,87.9,518,589,1,50
161,2026-03-19T17:26:30,87.9,518,589,1,50
162,2026-03-20T11:16:58,88.0,520,591,1,50
163,2026-03-20T15:52:02,88.0,522,593,1,50
164,2026-03-20T23:42:51,88.1,526,597,1,50
165,2026-03-21T00:13:49,88.1,526,597,1,50
166,2026-03-25T14:03:37,88.1,527,598,1,50
167,2026-03-29T15:06:03,88.4,543,614,1,50
168,2026-03-29T16:46:54,88.5,546,617,1,50
169,2026-03-30T15:39:25,88.1,547,621,4,50
170,2026-03-31T00:40:34,88.2,547,620,3,50
171,2026-03-31T02:23:00,87.1,542,622,9,51
172,2026-03-31T02:48:01,87.0,542,623,9,52
173,2026-03-31T08:30:59,87.0,542,623,9,52
174,2026-03-31T19:37:42,87.0,542,623,9,52
175,2026-03-31T20:35:43,87.8,547,623,4,52
176,2026-03-31T20:49:17,88.0,548,623,3,52
177,2026-03-31T21:44:05,88.1,549,623,3,51
178,2026-04-01T00:00:05,88.1,550,624,3,51
179,2026-04-01T16:18:00,88.2,551,625,3,51
180,2026-04-01T18:39:51,88.2,552,626,3,51
181,2026-04-01T20:17:30,88.2,553,627,3,51
182,2026-04-02T02:24:31,7.8,49,627,507,51
183,2026-04-02T03:02:49,88.0,552,627,4,51
184,2026-04-02T03:41:47,88.2,553,627,3,51
185,2026-04-03T21:34:59,87.3,549,629,9,51
186,2026-04-03T22:45:50,88.1,554,629,4,51
187,2026-04-03T23:15:38,88.2,555,629,3,51
188,2026-04-07T23:42:35,88.2,555,629,3,51
189,2026-04-08T00:05:22,88.2,555,629,3,51
190,2026-04-08T00:33:49,88.2,555,629,3,51
191,2026-04-08T20:16:22,88.4,556,629,3,50
192,2026-04-09T22:07:58,88.4,557,630,3,50
193,2026-04-09T22:59:43,88.3,559,633,4,50
194,2026-04-10T17:54:13,88.3,559,633,4,50
195,2026-04-10T18:43:42,88.5,560,633,3,50
196,2026-04-10T19:36:25,88.5,561,634,3,50
197,2026-04-10T20:00:47,88.5,562,635,3,50
198,2026-04-14T11:54:30,6.1,39,637,528,50
199,2026-04-14T12:50:00,36.6,233,637,334,50
200,2026-04-14T13:43:57,57.8,368,637,199,50
201,2026-04-16T20:36:16,59.7,380,637,187,50
202,2026-04-17T10:56:33,65.3,416,637,151,50
203,2026-04-17T13:56:38,71.6,456,637,111,50
204,2026-04-17T14:40:13,74.4,474,637,93,50
205,2026-04-17T15:01:49,75.4,480,637,87,50
206,2026-04-18T14:35:17,76.5,487,637,80,50
207,2026-04-18T16:05:13,78.2,498,637,68,50
208,2026-04-18T16:15:32,78.2,498,637,69,50
209,2026-04-18T21:24:38,79.1,504,637,63,50
210,2026-04-18T22:15:12,82.1,523,637,44,50
211,2026-04-18T23:41:54,82.1,524,638,44,50
212,2026-04-19T17:06:07,82.1,524,638,44,50
213,2026-04-19T17:38:02,82.1,524,638,44,50
214,2026-04-21T22:17:37,82.1,524,638,44,50
215,2026-04-21T22:48:30,82.8,528,638,40,50
216,2026-04-21T23:45:05,71.9,459,638,109,50
217,2026-04-24T17:02:20,89.4,522,584,46,50
218,2026-04-25T11:15:40,89.6,524,585,45,50
219,2026-04-25T14:21:01,89.2,523,586,47,49
220,2026-04-27T13:15:19,87.9,515,586,55,49
221,2026-04-27T13:36:56,89.2,523,586,47,49
222,2026-04-27T13:50:31,89.2,523,586,47,49
223,2026-04-27T14:05:59,89.2,523,586,47,49
224,2026-04-27T14:16:45,89.2,523,586,47,49
225,2026-04-27T17:20:11,89.2,523,586,47,49
226,2026-05-02T22:35:30,90.1,528,586,42,49
227,2026-05-02T23:18:38,90.3,529,586,41,49
228,2026-05-04T11:07:02,90.3,529,586,41,49
229,2026-05-04T18:38:50,90.3,531,588,41,49
230,2026-05-05T12:00:01,91.3,537,588,35,49
231,2026-05-05T12:31:25,91.7,539,588,33,49
232,2026-05-05T12:57:45,93.6,542,579,26,49
233,2026-05-05T13:25:30,30.7,178,579,390,49
234,2026-05-05T14:32:08,30.7,178,579,390,49
235,2026-05-05T15:28:19,52.8,306,579,262,49
236,2026-05-05T15:53:54,57.0,330,579,238,49
237,2026-05-05T16:21:11,61.3,355,579,213,49
238,2026-05-05T17:15:50,68.9,399,579,166,49
239,2026-05-05T18:04:11,70.8,410,579,156,49
240,2026-05-06T10:42:33,71.7,415,579,153,49
241,2026-05-06T12:29:35,74.8,433,579,135,49
242,2026-05-06T17:01:07,75.0,434,579,134,49
243,2026-05-06T19:50:04,76.7,444,579,124,49
244,2026-05-06T20:23:25,78.4,450,574,113,49
245,2026-05-06T21:53:08,80.8,464,574,99,49
246,2026-05-06T22:20:52,82.6,474,574,89,49
247,2026-05-06T23:15:46,83.3,478,574,85,49
248,2026-05-07T13:02:59,83.5,481,576,84,49
249,2026-05-07T13:45:26,84.4,486,576,79,49
250,2026-05-07T16:33:54,84.7,488,576,77,49
251,2026-05-09T12:07:14,85.4,492,576,73,49
252,2026-05-09T13:50:43,85.4,493,577,72,49
253,2026-05-09T20:41:42,61.0,352,577,205,49
254,2026-05-09T20:42:21,62.4,360,577,205,49
255,2026-05-09T21:09:51,62.6,361,577,205,49
256,2026-05-10T00:17:33,55.6,321,577,245,49
257,2026-05-10T12:01:30,62.4,360,577,206,49
258,2026-05-10T13:20:35,71.9,415,577,151,49
259,2026-05-10T14:03:49,72.4,418,577,148,49
260,2026-05-10T14:40:43,72.4,418,577,148,49
261,2026-05-10T17:21:00,73.8,426,577,140,49
262,2026-05-10T20:10:40,74.0,427,577,139,49
263,2026-05-11T09:47:17,74.9,432,577,134,49
264,2026-05-11T18:34:18,73.1,422,577,144,49
265,2026-05-12T11:29:01,73.1,422,577,144,49
266,2026-05-12T14:38:01,77.3,443,573,119,49
267,2026-05-12T15:38:46,77.3,443,573,119,49
268,2026-05-12T16:34:38,77.3,443,573,119,49
269,2026-05-12T18:57:01,83.6,479,573,83,49
270,2026-05-13T10:30:57,84.1,482,573,80,49
271,2026-05-13T11:18:45,86.1,489,568,68,49
272,2026-05-13T12:16:21,84.7,481,568,76,49
273,2026-05-13T13:35:01,85.6,486,568,71,49
274,2026-05-13T15:42:06,85.9,488,568,69,49
275,2026-05-14T00:41:55,85.9,488,568,69,49
276,2026-05-14T01:37:36,85.9,488,568,69,49
277,2026-05-14T03:27:20,86.8,493,568,64,49
278,2026-05-14T04:31:34,86.6,492,568,65,49
279,2026-05-14T05:07:49,87.5,497,568,60,49
280,2026-05-14T05:48:43,89.1,506,568,51,49
281,2026-05-14T12:54:06,89.3,507,568,50,49
282,2026-05-14T14:03:46,89.4,508,568,49,49
283,2026-05-14T23:04:02,90.1,508,564,45,51
284,2026-05-15T01:03:50,91.1,509,559,39,51
285,2026-05-15T13:02:38,91.2,510,559,38,51
286,2026-05-15T14:21:22,91.7,508,554,35,51
287,2026-05-15T15:09:30,92.2,511,554,32,51
288,2026-05-15T15:52:42,92.6,513,554,30,51
289,2026-05-15T17:59:29,92.8,517,557,29,50
290,2026-05-15T18:28:34,92.8,517,557,29,50
291,2026-05-16T01:04:00,92.8,518,558,29,50
292,2026-05-16T04:49:38,93.0,521,560,28,50
293,2026-05-16T08:14:09,93.2,522,560,27,50
294,2026-05-16T10:42:56,93.4,523,560,26,50
295,2026-05-16T16:36:23,93.4,523,560,26,50
296,2026-05-18T15:07:38,93.2,524,562,27,50
297,2026-05-19T00:37:53,87.2,490,562,61,50
298,2026-05-19T01:01:13,91.1,512,562,39,50
299,2026-05-19T02:07:09,91.3,513,562,38,50
300,2026-05-19T14:29:38,91.3,513,562,38,50
301,2026-05-19T14:45:40,91.8,516,562,35,50
302,2026-05-19T16:04:35,92.2,518,562,33,50
303,2026-05-19T16:40:49,92.0,518,563,34,50
304,2026-05-19T16:58:07,92.4,520,563,32,50
305,2026-05-19T17:28:32,92.3,519,562,32,50
306,2026-05-19T18:14:50,92.5,520,562,31,50
307,2026-05-19T22:32:27,92.5,520,562,31,50
308,2026-05-19T22:49:59,92.5,520,562,31,50
309,2026-05-20T00:06:49,92.9,500,538,27,74
310,2026-05-20T05:35:03,92.9,500,538,27,74
311,2026-05-20T05:38:46,92.9,500,538,27,74
312,2026-05-20T06:00:03,92.9,501,539,27,74
313,2026-05-20T06:00:33,92.9,501,539,27,74
314,2026-05-20T06:04:31,92.9,501,539,27,74
315,2026-05-20T06:07:10,92.9,500,538,27,74
316,2026-05-20T15:45:42,93.9,505,538,22,74
317,2026-05-20T17:47:49,90.3,486,538,41,74
318,2026-05-20T19:09:13,92.0,495,538,32,74
319,2026-05-20T19:40:44,93.9,505,538,22,74
320,2026-05-20T22:16:48,93.5,503,538,24,74
321,2026-05-20T22:38:40,92.6,498,538,29,74
322,2026-05-20T22:58:43,93.9,505,538,22,74
323,2026-05-21T08:36:36,93.9,505,538,22,74
324,2026-05-21T22:06:11,88.5,478,540,51,74
325,2026-05-21T22:44:31,93.7,506,540,23,74
326,2026-05-21T23:14:54,93.9,507,540,22,74
327,2026-05-21T23:21:01,93.9,507,540,22,74
328,2026-05-22T00:18:40,10.6,57,540,472,74
329,2026-05-22T00:34:15,93.9,507,540,22,74
330,2026-05-22T00:51:36,93.9,511,544,22,74
331,2026-05-22T01:16:17,93.9,511,544,22,74
332,2026-05-22T14:07:53,93.8,511,545,23,74
333,2026-05-22T15:05:18,93.9,512,545,22,74
334,2026-05-22T15:55:43,94.2,516,548,21,74
335,2026-05-22T23:37:05,94.2,516,548,21,74
336,2026-05-23T01:00:27,94.2,516,548,21,74
337,2026-05-23T01:47:13,94.2,516,548,21,74
338,2026-05-23T20:36:09,92.8,516,556,29,74
339,2026-05-23T21:49:08,93.3,519,556,26,74
340,2026-05-23T22:02:32,94.2,524,556,21,74
341,2026-05-23T22:28:17,94.3,525,557,21,74
342,2026-05-23T23:00:43,94.3,527,559,21,74
343,2026-05-23T23:38:09,93.8,525,560,24,74
344,2026-05-24T00:04:54,94.1,527,560,22,74
345,2026-05-24T00:42:03,94.3,528,560,21,74
346,2026-05-24T01:22:36,94.3,528,560,21,74
347,2026-05-24T02:30:29,94.3,531,563,21,74
348,2026-05-24T04:32:32,94.4,537,569,21,74
349,2026-05-24T05:57:38,94.4,539,571,21,74
350,2026-05-24T07:01:43,64.6,371,574,44,74
351,2026-05-24T07:01:50,64.6,371,574,42,74
352,2026-05-24T07:22:14,94.4,542,574,21,74
353,2026-05-24T07:36:29,94.4,544,576,21,74
354,2026-05-24T07:49:05,94.4,544,576,21,74
355,2026-05-24T08:15:48,94.5,547,579,21,74
356,2026-05-24T09:38:58,94.5,550,582,21,74
357,2026-05-24T12:25:26,94.5,550,582,21,74
358,2026-05-24T12:30:23,94.5,550,582,21,74
359,2026-05-24T16:17:16,94.2,557,591,23,74
360,2026-05-24T18:02:21,94.3,560,594,23,74
361,2026-05-24T20:04:20,94.3,560,594,23,74
362,2026-05-24T23:24:15,92.9,552,594,31,74
363,2026-05-24T23:47:32,93.6,556,594,27,74
364,2026-05-24T23:51:51,94.1,559,594,24,74
365,2026-05-24T23:54:12,94.3,560,594,23,74
366,2026-05-25T05:08:51,94.3,562,596,23,74
367,2026-05-26T14:11:11,94.3,563,597,23,75
368,2026-05-28T00:03:59,94.2,564,599,24,75
369,2026-05-28T00:14:21,94.2,566,601,24,75
370,2026-05-28T00:16:59,94.2,566,601,24,75
371,2026-05-28T01:29:30,94.2,568,603,24,75
372,2026-05-28T03:15:47,80.4,485,603,107,75
373,2026-05-28T03:40:34,91.7,553,603,39,75
374,2026-05-28T04:10:28,94.0,567,603,25,75
375,2026-05-28T04:58:00,10.5,64,607,532,76
376,2026-05-28T04:58:33,10.5,64,607,532,76
377,2026-05-28T05:18:26,84.7,515,608,82,76
378,2026-05-28T05:37:10,93.3,567,608,30,76
379,2026-05-28T06:00:26,93.8,570,608,27,76
380,2026-05-28T07:30:33,52.7,321,609,20,76
381,2026-05-28T07:39:47,92.6,564,609,34,76
382,2026-05-28T09:24:49,92.6,564,609,34,76
383,2026-05-28T09:46:27,92.9,566,609,32,76
384,2026-05-28T09:52:31,92.9,566,609,32,76
385,2026-05-28T10:40:48,93.1,567,609,31,76
386,2026-05-28T11:59:50,93.4,569,609,29,76
387,2026-05-28T16:33:56,93.5,571,611,29,76
388,2026-05-28T23:36:52,93.3,572,613,30,77
389,2026-05-29T01:38:18,91.6,564,616,41,79
390,2026-05-29T01:56:54,91.6,564,616,41,79
391,2026-05-29T02:12:06,93.5,576,616,29,79
392,2026-05-29T03:08:27,93.5,578,618,29,78
393,2026-05-29T03:50:52,93.5,579,619,29,78
394,2026-05-29T04:56:33,91.5,567,620,42,77
395,2026-05-29T05:15:53,88.1,546,620,63,77
396,2026-05-29T10:54:21,88.2,547,620,62,77
397,2026-05-29T16:32:00,88.3,552,625,62,77
398,2026-05-29T17:03:52,88.3,552,625,62,77
399,2026-05-29T18:23:03,88.6,554,625,60,77
400,2026-05-29T20:08:26,89.3,558,625,56,77
401,2026-05-29T21:10:43,89.6,560,625,54,77
402,2026-05-29T21:36:56,90.1,563,625,51,77
403,2026-05-30T02:05:45,90.0,564,627,52,77
404,2026-05-30T14:30:30,90.1,567,629,51,77
405,2026-05-30T17:43:23,90.2,570,632,51,77
406,2026-05-30T20:41:33,90.2,571,633,51,77
407,2026-05-30T21:18:33,90.2,573,635,51,77
408,2026-05-30T21:58:14,90.2,573,635,51,77
409,2026-05-30T22:21:58,90.2,573,635,51,77
410,2026-05-30T23:59:00,90.2,573,635,51,77
411,2026-05-31T00:26:14,90.2,573,635,51,77
412,2026-05-31T00:41:35,90.2,573,635,51,77
413,2026-05-31T00:58:54,90.2,573,635,51,77
414,2026-05-31T05:25:56,90.2,573,635,51,77
415,2026-05-31T19:53:20,90.3,574,636,51,77
416,2026-05-31T20:51:25,90.3,574,636,51,77
417,2026-05-31T23:03:18,91.4,582,637,44,77
418,2026-05-31T23:35:11,91.4,582,637,44,77
419,2026-06-01T00:46:16,92.2,587,637,39,77
420,2026-06-01T01:37:35,92.0,589,640,40,77
421,2026-06-01T02:41:04,92.0,590,641,40,77
422,2026-06-01T22:25:05,91.6,587,641,43,77
423,2026-06-02T00:06:24,90.3,579,641,51,77
424,2026-06-02T01:00:50,84.6,543,642,88,77
425,2026-06-02T02:03:33,90.2,579,642,52,77
426,2026-06-02T03:53:29,90.5,581,642,50,77
427,2026-06-02T05:16:45,91.3,586,642,45,77
428,2026-06-02T05:57:44,91.3,586,642,45,77
429,2026-06-02T08:43:52,91.3,589,645,45,77
430,2026-06-02T09:48:41,91.2,590,647,46,77
431,2026-06-02T21:31:56,87.5,566,647,70,77
432,2026-06-02T21:49:36,91.3,591,647,45,77
433,2026-06-02T23:43:32,91.3,591,647,45,77
434,2026-06-03T04:19:24,91.0,590,648,47,77
435,2026-06-03T04:43:58,88.9,576,648,61,77
436,2026-06-03T04:58:54,91.2,591,648,46,77
437,2026-06-03T07:52:32,88.8,576,649,62,77
438,2026-06-03T08:46:39,91.7,595,649,43,77
439,2026-06-03T09:32:13,92.4,600,649,38,77
440,2026-06-03T10:31:13,92.9,603,649,35,77
441,2026-06-03T10:57:40,93.1,603,648,34,78
442,2026-06-03T17:44:05,93.1,603,648,34,78
443,2026-06-03T18:27:45,93.1,603,648,34,78
444,2026-06-03T20:10:41,12.8,83,648,554,78
445,2026-06-03T20:28:25,89.4,579,648,58,78
446,2026-06-03T21:55:59,93.1,603,648,34,78
447,2026-06-03T23:10:25,93.1,603,648,34,78
448,2026-06-04T00:00:13,93.1,603,648,34,78
449,2026-06-04T00:28:15,92.8,606,653,36,78
450,2026-06-04T02:22:08,2.9,19,654,624,78
451,2026-06-04T02:41:49,91.6,601,656,42,78
452,2026-06-04T03:20:09,91.9,602,655,42,78
453,2026-06-04T03:42:37,92.8,608,655,36,78
454,2026-06-04T03:49:31,11.1,73,655,571,78
455,2026-06-04T03:58:58,11.1,73,655,571,78
456,2026-06-04T04:06:22,11.1,73,655,571,78
457,2026-06-04T04:39:16,11.3,74,655,570,78
458,2026-06-04T05:24:48,92.7,607,655,37,78
459,2026-06-04T05:38:29,12.7,83,655,561,78
460,2026-06-04T06:03:22,87.0,570,655,74,78
461,2026-06-04T06:37:17,92.8,608,655,36,78
462,2026-06-04T06:54:20,91.1,597,655,47,78
463,2026-06-04T07:26:27,92.4,605,655,39,78
464,2026-06-04T08:03:25,89.6,587,655,57,78
465,2026-06-04T08:22:31,91.5,599,655,45,78
466,2026-06-04T08:43:04,91.8,601,655,43,78
467,2026-06-04T09:17:03,93.0,609,655,35,78
468,2026-06-04T09:42:25,91.0,596,655,48,78
469,2026-06-04T10:07:12,93.1,610,655,34,78
470,2026-06-04T10:29:58,93.0,609,655,35,78
471,2026-06-04T11:51:31,93.0,610,656,35,78
472,2026-06-04T12:34:24,92.2,605,656,40,78
473,2026-06-04T13:02:31,93.0,611,657,35,78
474,2026-06-04T13:24:09,90.7,596,657,50,78
475,2026-06-04T13:58:23,93.0,611,657,35,78
476,2026-06-04T14:13:42,93.2,612,657,34,78
477,2026-06-04T21:58:39,93.0,611,657,35,78
478,2026-06-04T23:06:08,93.2,612,657,34,78
479,2026-06-04T23:23:31,93.2,612,657,34,78
480,2026-06-05T03:40:00,93.2,612,657,34,78
481,2026-06-05T06:47:33,93.2,612,657,34,78
482,2026-06-05T07:13:47,93.2,612,657,34,78
483,2026-06-05T07:54:29,93.2,614,659,34,78
484,2026-06-05T08:12:08,93.2,614,659,34,78
485,2026-06-05T09:30:47,93.2,615,660,34,78
486,2026-06-05T19:58:05,93.2,615,660,34,78
487,2026-06-05T21:28:32,93.2,616,661,34,78
488,2026-06-05T21:58:24,93.2,616,661,34,78
489,2026-06-06T02:23:07,93.2,617,662,34,78
490,2026-06-07T19:06:10,93.2,617,662,34,78
491,2026-06-07T22:42:38,93.2,617,662,34,78
492,2026-06-08T00:25:47,90.9,608,669,50,78
493,2026-06-08T01:20:38,90.9,609,670,50,78
494,2026-06-08T11:16:51,91.9,616,670,43,78
495,2026-06-09T04:42:34,92.7,621,670,38,78
496,2026-06-10T00:59:21,92.3,622,674,41,78
497,2026-06-10T02:34:26,92.4,623,674,40,78
498,2026-06-10T03:06:36,92.4,623,674,40,78
499,2026-06-10T03:57:30,87.1,587,674,76,78
500,2026-06-10T04:28:41,87.5,590,674,73,78
501,2026-06-10T04:47:36,92.7,625,674,38,78
502,2026-06-10T06:51:02,91.5,617,674,46,78
503,2026-06-10T07:12:48,92.7,625,674,38,78
504,2026-06-10T07:43:44,92.7,625,674,38,78
505,2026-06-10T08:59:16,92.6,626,676,39,78
506,2026-06-10T10:25:33,92.6,627,677,39,78
507,2026-06-10T10:48:10,92.6,628,678,39,78
508,2026-06-10T13:45:48,90.2,614,681,56,78
509,2026-06-10T14:27:38,92.6,628,678,39,78
510,2026-06-11T01:27:54,91.4,620,678,47,78
511,2026-06-11T02:10:42,91.7,622,678,45,78
512,2026-06-11T02:30:17,91.8,623,679,45,78
513,2026-06-11T03:14:35,87.3,593,679,75,78
514,2026-06-11T03:43:09,89.4,607,679,61,78
515,2026-06-11T04:07:34,91.6,622,679,46,78
516,2026-06-11T04:27:19,91.8,623,679,45,78
517,2026-06-11T04:54:15,91.9,624,679,44,78
518,2026-06-11T05:25:52,91.8,625,681,45,78
519,2026-06-11T05:50:40,91.9,626,681,44,78
520,2026-06-11T08:34:57,89.9,612,681,50,78
521,2026-06-11T08:40:44,90.9,619,681,51,78
522,2026-06-11T09:13:40,91.0,620,681,50,78
523,2026-06-11T10:25:59,91.5,623,681,47,78
524,2026-06-11T10:50:22,91.5,623,681,47,78
525,2026-06-11T11:18:33,91.5,624,682,47,78
526,2026-06-11T22:06:04,91.1,621,682,50,78
527,2026-06-11T22:11:09,91.1,621,682,50,78
528,2026-06-11T22:37:20,91.7,632,689,46,78
529,2026-06-12T01:44:42,92.1,638,693,44,78
530,2026-06-12T01:53:32,92.1,638,693,44,78
531,2026-06-12T02:39:27,92.1,638,693,44,78
532,2026-06-12T03:13:59,92.4,640,693,42,77
533,2026-06-12T05:07:53,91.9,638,694,45,77
534,2026-06-12T05:32:21,92.4,641,694,42,77
535,2026-06-12T06:06:04,92.4,641,694,42,77
536,2026-06-12T07:15:27,92.5,676,731,44,77
537,2026-06-12T08:32:02,92.7,678,731,42,77
538,2026-06-12T11:56:05,92.4,640,693,42,77
539,2026-06-12T12:09:54,92.4,640,693,42,77
540,2026-06-12T12:15:26,88.4,670,758,77,77
541,2026-06-12T13:57:09,88.5,671,758,76,77
542,2026-06-12T14:19:29,88.5,671,758,76,77
543,2026-06-12T15:34:47,88.3,674,763,78,77
544,2026-06-12T16:16:38,88.6,676,763,76,77
545,2026-06-12T17:00:49,88.6,676,763,76,77
546,2026-06-13T02:54:37,88.6,677,764,76,77
547,2026-06-13T03:14:57,88.6,677,764,76,77
548,2026-06-13T05:11:54,88.7,681,768,76,77
549,2026-06-13T12:09:14,88.3,681,771,79,77
550,2026-06-13T13:03:29,88.3,681,771,79,77
551,2026-06-13T13:50:55,88.1,682,774,81,77
552,2026-06-13T14:34:29,88.2,682,773,80,77
553,2026-06-13T18:16:41,86.7,687,792,94,77
554,2026-06-13T19:02:03,87.0,689,792,92,77
555,2026-06-14T03:32:22,87.1,691,793,91,77
556,2026-06-14T05:02:27,87.1,693,796,92,77
557,2026-06-14T05:11:21,87.1,696,799,92,77
558,2026-06-14T06:26:25,87.0,697,801,93,77
559,2026-06-14T07:01:41,87.0,698,802,93,77
560,2026-06-14T07:49:20,87.3,700,802,91,77
561,2026-06-14T07:58:11,87.3,700,802,91,77
562,2026-06-14T08:46:56,86.7,695,802,96,77
563,2026-06-14T08:50:33,86.7,695,802,96,77
564,2026-06-14T09:15:38,87.5,702,802,89,77
565,2026-06-14T16:43:31,87.3,700,802,91,77
566,2026-06-14T17:18:00,87.6,702,801,88,77
567,2026-06-14T17:28:18,87.6,702,801,88,77
568,2026-06-14T17:45:59,87.6,702,801,88,77
569,2026-06-14T20:02:23,87.8,704,802,87,77
570,2026-06-14T20:24:08,87.7,703,802,88,77
571,2026-06-14T21:26:12,87.7,704,803,88,77
572,2026-06-15T12:43:06,88.2,715,811,85,77
573,2026-06-15T14:19:11,87.9,718,817,85,77
574,2026-06-15T14:44:59,88.2,721,817,85,77
575,2026-06-15T16:35:27,87.9,745,848,92,77
576,2026-06-16T16:08:19,88.2,748,848,89,77
577,2026-06-16T16:28:02,88.2,748,848,89,77
578,2026-06-16T18:48:33,88.5,750,847,86,77
579,2026-06-16T19:18:02,88.5,750,847,86,77
580,2026-06-17T00:28:35,88.7,751,847,85,77
581,2026-06-17T00:57:58,88.7,751,847,85,77
582,2026-06-17T01:14:24,88.8,752,847,84,77
583,2026-06-17T03:41:17,89.4,757,847,79,77
584,2026-06-17T14:52:14,89.4,760,850,79,77
585,2026-06-17T15:48:07,89.4,763,853,79,77
586,2026-06-17T16:47:38,89.7,766,854,77,77
587,2026-06-17T17:26:35,89.9,768,854,75,77
588,2026-06-18T03:21:41,90.0,771,857,75,77
589,2026-06-18T04:54:39,90.0,774,860,75,77
590,2026-06-18T06:08:51,89.9,776,863,76,77
591,2026-06-18T06:57:38,90.0,779,866,76,77
592,2026-06-18T07:23:43,90.2,781,866,74,77
593,2026-06-18T16:50:10,91.1,791,868,66,77
594,2026-06-18T18:29:53,91.4,794,869,64,77
595,2026-06-18T21:33:22,91.4,794,869,64,77
596,2026-06-18T22:19:37,55.0,478,869,34,77
597,2026-06-18T22:39:29,91.5,795,869,63,77
598,2026-06-19T11:07:46,92.4,803,869,55,77
599,2026-06-19T14:09:33,92.5,813,879,55,79
600,2026-06-19T15:47:37,92.5,816,882,55,79
601,2026-06-19T16:44:32,92.5,816,882,55,79
602,2026-06-19T19:30:25,92.5,816,882,55,82
603,2026-06-19T20:46:01,92.5,816,882,55,79
604,2026-06-19T22:25:37,92.5,817,883,55,79
